100	con_13_1
100	con_1_2
100	con_4_2
101	con_1_3
101	con_5_2
101	con_7_1
101	pro_1_1
101	pro_1_2
102	con_3_4
102	con_8_3
102	pro_2_1
103	con_5_5
103	con_6_4
103	con_6_5
103	pro_12_1
103	pro_6_2
104	con_1_3
104	con_5_1
104	con_8_2
104	con_8_5
104	pro_1_1
104	pro_5_2
106	con_4_3
106	pro_1_4
106	pro_2_4
107	con_2_1
107	con_5_4
107	con_9_1
107	pro_1_4
107	pro_2_3
107	pro_7_1
109	con_2_2
109	con_3_2
109	con_4_4
109	pro_2_2
109	pro_5_4
010	con_1_4
010	con_3_2
110	con_1_3
110	con_4_4
110	pro_1_1
111	con_4_2
111	pro_1_2
111	pro_1_4
111	pro_4_3
112	con_1_1
112	con_1_4
112	con_3_2
112	con_4_4
112	con_4_5
112	pro_2_1
112	pro_6_2
113	con_3_2
113	con_3_4
113	con_3_7
113	pro_1_1
113	pro_1_2
114	con_1_4
114	con_1_6
114	con_3_1
114	pro_1_1
114	pro_1_5
114	pro_2_2
114	pro_6_1
116	con_1_1
116	con_3_1
116	con_3_2
116	pro_1_1
118	con_4_2
118	con_4_3
118	pro_4_1
118	pro_6_1
118	pro_8_1
119	con_2_1
119	con_4_1
119	con_8_1
119	pro_1_2
119	pro_2_2
119	pro_6_1
121	con_3_3
122	con_7_3
124	con_1_2
124	con_4_3
125	con_3_1
125	con_3_2
125	con_4_1
125	pro_4_1
125	pro_5_3
127	con_2_2
127	con_3_2
127	con_6_2
127	pro_1_2
127	pro_4_2
127	pro_6_6
128	con_3_6
128	con_5_1
128	con_8_3
128	pro_1_1
128	pro_2_1
128	pro_2_2
128	pro_6_2
128	pro_7_1
129	con_11_1
129	con_2_1
129	pro_4_5
129	pro_6_1
130	con_5_1
130	pro_10_2
130	pro_15_1
131	con_5_2
131	con_5_6
131	con_6_4
131	con_6_5
131	pro_2_3
131	pro_6_2
131	pro_9_2
132	con_1_3
132	con_7_3
132	pro_4_1
133	con_1_1
133	con_2_3
133	con_5_1
133	con_8_2
133	pro_5_2
134	con_2_4
134	con_4_5
134	con_4_7
134	con_5_3
134	pro_1_1
134	pro_1_2
134	pro_4_1
135	con_2_2
135	con_2_3
135	con_2_5
137	con_10_1
137	con_1_3
137	con_9_1
137	pro_2_2
137	pro_3_1
138	con_2_8
138	con_3_3
138	con_4_1
138	pro_6_1
139	con_1_5
139	con_8_1
139	pro_11_1
139	pro_12_1
139	pro_4_1
013	con_4_1
140	con_1_5
140	con_5_2
140	pro_2_4
140	pro_2_8
140	pro_4_1
142	con_6_3
142	con_6_4
142	pro_1_2
142	pro_2_4
142	pro_3_1
142	pro_4_1
143	con_1_1
143	con_2_2
143	con_3_3
143	con_5_1
143	pro_1_1
143	pro_3_1
146	pro_3_9
148	con_2_5
148	con_5_6
148	con_7_1
148	pro_1_2
148	pro_2_3
148	pro_5_4
148	pro_6_1
149	con_1_4
149	con_3_2
149	con_3_3
149	con_5_1
149	pro_1_1
149	pro_1_3
149	pro_3_1
149	pro_3_6
150	con_2_5
150	con_2_6
150	pro_1_1
150	pro_2_5
151	pro_1_1
152	con_4_1
152	con_5_1
152	con_7_1
152	pro_2_1
153	con_3_1
153	con_5_1
153	con_6_1
153	pro_1_1
153	pro_1_6
153	pro_6_1
154	con_1_2
154	con_1_3
154	con_1_5
154	con_2_2
154	pro_1_2
154	pro_1_3
154	pro_2_3
154	pro_2_4
155	con_4_2
155	con_6_1
155	pro_2_1
155	pro_4_2
156	con_1_3
156	con_1_4
156	con_3_1
156	con_5_7
156	pro_1_1
157	con_4_1
157	con_4_2
157	con_4_6
157	con_5_1
157	con_7_2
157	pro_2_2
157	pro_2_3
157	pro_4_7
158	con_2_2
158	con_2_4
158	con_3_5
158	con_4_1
158	pro_1_1
158	pro_1_2
158	pro_1_3
159	con_5_1
159	con_5_2
159	pro_1_2
159	pro_5_3
015	con_1_1
015	con_1_7
015	con_1_8
015	con_1_9
015	con_2_1
160	con_1_2
160	con_3_3
160	con_7_1
160	pro_1_1
160	pro_1_4
160	pro_3_2
160	pro_4_1
161	con_1_1
161	pro_4_1
161	pro_4_2
162	con_3_1
162	con_3_3
162	con_4_1
162	pro_1_4
163	con_10_1
163	con_1_1
163	con_1_3
163	con_1_4
163	con_7_1
163	pro_2_1
163	pro_5_1
164	con_2_1
164	con_5_1
164	con_6_2
164	con_8_1
164	pro_6_1
165	con_1_2
165	con_1_4
165	con_3_1
165	con_8_1
165	pro_3_6
165	pro_4_2
165	pro_4_3
166	con_10_1
166	con_2_1
166	pro_2_1
166	pro_3_2
166	pro_5_6
170	con_6_1
170	pro_5_4
171	con_10_2
171	con_12_1
171	pro_13_1
171	pro_16_1
171	pro_6_6
172	con_7_2
172	pro_2_2
172	pro_2_4
172	pro_5_1
173	con_3_1
173	con_5_1
173	pro_3_1
173	pro_5_1
174	con_4_1
174	pro_1_2
175	con_7_2
175	con_8_1
176	con_2_1
176	con_2_4
176	con_6_1
176	con_8_1
176	pro_1_3
176	pro_6_2
176	pro_6_3
177	con_4_1
177	con_9_3
177	pro_1_6
178	con_2_5
178	con_2_6
178	con_2_8
178	con_3_8
178	con_3_9
178	pro_2_3
178	pro_2_5
178	pro_3_2
179	con_11_1
179	pro_1_3
017	con_1_1
017	con_1_4
017	con_2_1
017	pro_2_2
017	pro_2_7
180	con_10_2
180	con_3_3
180	pro_15_9
180	pro_7_1
180	pro_7_4
181	con_12_1
181	pro_10_1
181	pro_10_2
182	con_1_1
182	con_1_2
182	con_5_1
182	con_7_1
182	pro_5_2
183	con_1_1
183	con_6_1
183	con_7_1
183	pro_1_4
183	pro_4_3
183	pro_4_6
184	pro_1_1
185	con_3_1
185	con_7_1
186	pro_1_1
186	pro_3_2
186	pro_3_6
186	pro_7_1
187	con_13_2
187	con_13_4
187	con_1_3
187	pro_1_3
187	pro_8_1
188	con_11_1
188	con_13_4
188	con_1_2
188	pro_3_1
188	pro_5_2
188	pro_6_1
189	con_9_1
189	pro_5_2
189	pro_6_1
018	con_1_4
018	con_1_5
018	con_6_1
018	pro_1_2
018	pro_6_1
018	pro_6_2
190	con_3_2
190	con_3_3
190	con_6_5
190	pro_10_1
190	pro_10_2
190	pro_8_1
191	con_10_3
191	con_4_3
191	pro_7_1
191	pro_9_7
192	con_16_1
192	con_18_2
192	con_6_4
192	pro_14_3
192	pro_8_3
192	pro_8_6
194	con_3_6
194	con_4_3
194	pro_22_2
194	pro_9_2
195	con_10_1
195	pro_6_4
196	con_1_4
196	con_4_2
196	con_4_4
196	pro_9_2
197	con_12_4
197	pro_6_1
198	con_10_2
198	con_2_6
198	pro_1_3
198	pro_5_4
198	pro_6_5
199	con_2_1
199	con_3_2
199	con_4_6
199	con_7_1
199	pro_2_2
199	pro_2_5
199	pro_4_3
201	con_14_4
202	con_7_4
202	con_8_1
202	pro_20_1
202	pro_3_5
202	pro_8_12
203	con_9_2
203	pro_2_2
203	pro_3_2
204	con_4_1
204	con_5_1
204	pro_7_2
206	con_5_10
206	pro_5_7
207	con_4_4
207	con_5_1
207	pro_6_2
020	con_1_3
210	con_6_1
210	pro_2_1
210	pro_5_1
212	con_1_4
212	con_3_1
212	pro_1_9
212	pro_2_7
213	con_3_4
213	con_6_1
213	pro_3_4
213	pro_4_3
214	con_14_1
214	con_4_1
214	con_4_4
214	con_5_2
214	con_7_2
214	pro_12_2
214	pro_14_1
214	pro_4_1
215	con_3_4
215	con_3_6
215	pro_1_5
215	pro_3_5
215	pro_4_1
216	con_1_12
216	con_1_7
216	con_2_5
216	con_9_2
216	pro_2_4
216	pro_3_4
216	pro_7_2
217	con_2_4
217	con_7_1
217	con_7_3
217	con_7_4
219	con_3_5
219	con_6_3
219	pro_3_4
219	pro_5_1
021	con_2_1
021	con_2_4
021	con_3_3
021	pro_2_1
021	pro_3_1
220	con_2_1
220	con_2_3
220	con_2_5
220	con_2_6
220	con_4_5
220	pro_4_1
220	pro_4_2
220	pro_4_4
221	con_1_5
221	con_4_2
221	pro_1_5
223	con_2_1
223	con_3_2
223	con_3_3
223	con_3_4
223	con_4_1
223	pro_1_1
223	pro_6_1
224	con_2_1
224	con_3_2
224	pro_2_2
224	pro_4_1
225	con_1_3
225	con_2_4
225	con_4_2
225	pro_4_1
227	con_1_3
227	con_2_1
227	con_3_2
227	con_4_1
227	pro_1_4
227	pro_1_5
227	pro_2_1
227	pro_3_1
227	pro_4_1
228	con_1_1
228	con_8_1
228	con_9_1
228	pro_4_1
228	pro_7_1
229	con_1_1
229	con_1_2
229	pro_1_2
230	con_5_1
230	pro_1_3
230	pro_5_2
231	con_3_6
231	con_5_1
231	con_8_2
231	pro_3_1
231	pro_3_3
231	pro_5_2
231	pro_8_2
232	con_1_4
232	con_4_3
233	con_1_4
233	con_4_1
233	pro_3_1
235	con_6_2
235	pro_2_1
235	pro_5_1
236	con_2_3
236	con_6_1
236	pro_1_1
236	pro_6_2
236	pro_7_1
023	con_1_1
023	con_1_5
023	con_3_1
023	pro_1_5
023	pro_4_1
025	pro_1_3
025	pro_4_10
025	pro_4_7
025	pro_4_8
025	pro_6_1
026	con_2_1
026	con_3_1
026	con_7_1
026	pro_1_2
026	pro_1_5
026	pro_5_1
026	pro_7_1
027	con_2_1
027	con_4_3
027	con_5_2
027	con_5_4
027	pro_2_4
027	pro_3_3
028	con_2_5
028	pro_3_1
028	pro_5_6
029	con_1_3
029	con_4_1
029	pro_1_2
029	pro_4_2
031	con_1_1
031	con_3_2
031	con_4_2
031	con_4_4
031	pro_1_2
031	pro_3_3
031	pro_5_2
031	pro_5_4
033	pro_1_4
033	pro_2_1
033	pro_3_4
033	pro_4_2
035	con_4_1
035	con_4_3
035	con_5_2
035	pro_1_2
036	con_1_2
036	con_4_4
038	con_1_6
038	pro_1_4
038	pro_1_6
038	pro_2_1
039	con_3_1
039	con_3_2
039	pro_4_3
040	con_3_1
040	con_4_1
040	con_4_2
040	con_4_3
040	pro_1_2
040	pro_5_2
041	con_1_4
041	con_2_3
041	con_6_1
041	pro_4_3
041	pro_5_1
043	con_1_4
043	con_6_1
043	pro_1_1
043	pro_3_1
043	pro_3_2
044	con_1_3
044	con_1_4
044	con_1_5
044	con_3_2
045	con_1_1
045	con_2_4
045	pro_1_3
045	pro_2_4
045	pro_3_2
045	pro_3_3
047	con_3_2
047	pro_2_5
048	con_1_2
049	con_2_1
049	con_2_4
049	con_4_1
049	pro_1_1
049	pro_2_1
049	pro_2_5
050	con_1_1
050	con_2_2
050	con_4_1
050	pro_1_3
050	pro_1_4
050	pro_3_1
050	pro_4_1
051	con_2_2
051	con_3_5
051	pro_1_1
051	pro_1_2
051	pro_3_1
052	con_2_9
052	con_3_2
052	con_5_1
052	pro_1_5
054	con_1_4
054	con_3_6
054	con_6_1
054	pro_3_1
056	con_2_1
056	con_5_4
056	con_7_1
056	pro_2_2
056	pro_9_2
058	con_2_2
058	con_6_1
058	pro_1_1
058	pro_1_3
058	pro_9_2
005	con_5_1
005	pro_4_3
005	pro_4_5
005	pro_6_9
060	con_3_1
060	con_3_4
060	pro_3_3
061	con_1_4
061	con_1_7
061	con_2_2
061	pro_2_4
061	pro_4_4
061	pro_4_5
062	pro_2_2
063	pro_1_1
063	pro_2_2
064	con_2_2
064	pro_2_3
064	pro_4_3
064	pro_5_1
064	pro_7_1
065	con_11_2
065	con_11_3
065	con_13_1
065	con_14_2
065	pro_12_2
065	pro_14_6
065	pro_15_3
065	pro_9_2
067	con_2_2
067	pro_2_3
067	pro_6_1
067	pro_6_3
067	pro_6_4
069	con_1_3
069	pro_1_6
006	con_1_5
006	con_2_4
006	pro_1_1
006	pro_2_3
070	con_2_1
070	con_2_5
070	con_3_1
070	con_3_2
070	pro_2_1
070	pro_2_4
070	pro_5_1
072	con_4_4
072	pro_1_3
072	pro_1_4
072	pro_4_2
073	con_2_4
073	pro_2_4
073	pro_5_2
077	con_1_6
077	con_2_2
077	con_3_1
077	con_4_2
077	pro_1_2
077	pro_1_3
078	con_1_3
078	con_3_3
078	pro_1_3
078	pro_4_1
079	con_1_3
079	con_1_5
079	con_4_4
079	con_6_1
007	con_2_1
007	con_2_5
007	con_3_2
007	pro_1_1
007	pro_2_4
080	con_1_1
080	con_1_4
080	con_3_6
080	pro_5_1
080	pro_6_1
081	con_1_1
081	con_4_4
081	pro_1_3
082	con_3_3
082	con_4_3
082	con_7_2
082	con_9_5
082	pro_2_2
082	pro_6_2
083	con_2_6
083	con_3_1
083	pro_14_1
085	con_3_5
085	pro_1_2
085	pro_1_7
085	pro_3_2
086	con_4_8
086	pro_3_1
086	pro_5_1
087	con_1_2
087	con_2_2
087	con_3_2
087	con_4_4
087	con_6_3
087	pro_1_3
087	pro_2_2
087	pro_6_1
087	pro_8_1
088	con_2_1
088	con_6_2
088	pro_10_2
088	pro_5_1
089	con_2_1
089	con_2_2
089	con_4_1
089	pro_1_2
089	pro_1_4
089	pro_2_1
090	con_1_4
090	con_3_2
090	pro_1_1
090	pro_4_1
092	con_2_2
092	con_4_1
092	pro_2_1
092	pro_7_1
093	con_1_4
093	con_4_1
093	con_4_3
093	con_5_1
093	pro_4_2
093	pro_5_1
094	con_1_5
094	con_2_2
094	con_2_3
094	con_3_1
094	pro_1_1
094	pro_2_2
095	con_2_1
095	con_2_2
095	con_5_3
095	pro_2_1
095	pro_2_3
095	pro_2_4
096	con_10_1
096	con_2_5
096	con_5_2
096	con_8_2
096	pro_10_1
096	pro_2_3
096	pro_8_4
097	con_2_3
097	con_3_1
097	con_4_4
097	con_4_5
097	pro_3_2
098	con_2_2
098	pro_2_4
098	pro_7_3
099	con_1_2
099	con_2_1
099	con_6_4
099	pro_10_4
099	pro_6_3
009	con_2_5
009	con_5_1
009	con_5_4
009	pro_1_3
009	pro_4_1
009	pro_5_5
