100	con_7_1
100	pro_10_1
100	pro_4_3
100	pro_7_1
101	con_5_1
101	con_6_1
101	pro_2_4
101	pro_5_1
101	pro_8_1
102	con_8_4
102	pro_2_2
102	pro_6_1
102	pro_8_2
103	con_10_3
103	pro_14_1
103	pro_2_7
103	pro_4_2
104	con_8_4
104	pro_1_2
104	pro_1_5
104	pro_9_2
106	con_4_1
106	con_6_1
106	con_6_2
106	pro_4_1
106	pro_4_2
106	pro_4_3
107	con_4_2
107	con_6_2
107	pro_8_1
109	con_1_2
109	pro_1_2
010	con_2_2
010	pro_1_4
010	pro_2_2
010	pro_3_4
010	pro_5_1
010	pro_5_2
110	con_3_4
110	con_7_1
110	pro_3_1
110	pro_4_1
110	pro_4_2
111	con_5_1
111	pro_7_6
112	pro_2_3
112	pro_4_2
112	pro_4_3
114	con_1_5
114	con_2_2
114	pro_1_6
116	con_3_4
116	con_4_1
116	pro_2_1
116	pro_2_2
116	pro_3_1
116	pro_3_3
118	con_2_1
118	con_3_1
118	con_7_1
118	pro_2_1
118	pro_5_1
119	con_3_1
119	con_3_3
119	pro_4_1
119	pro_5_1
121	con_10_2
121	con_12_1
121	con_2_2
121	con_9_3
121	pro_13_1
121	pro_3_2
121	pro_4_2
121	pro_7_1
122	pro_7_2
123	con_1_3
123	con_1_5
123	con_5_1
123	pro_2_4
124	con_2_1
124	con_2_2
124	pro_3_1
125	con_2_1
125	pro_2_1
127	con_5_1
127	con_6_5
127	pro_10_1
128	con_2_3
128	con_8_2
129	con_1_1
129	con_1_3
129	con_1_4
129	pro_1_2
130	con_14_1
130	con_7_1
130	pro_14_1
130	pro_5_1
131	con_9_2
131	pro_1_2
132	con_7_1
132	con_8_4
132	con_8_5
132	pro_7_4
132	pro_7_5
132	pro_7_6
133	con_1_3
133	pro_7_1
133	pro_8_1
134	con_4_3
135	con_3_1
135	con_4_1
135	pro_1_2
135	pro_3_2
135	pro_3_3
135	pro_4_1
137	con_5_1
137	con_8_1
137	pro_5_1
137	pro_9_1
138	con_3_2
138	con_4_2
138	pro_2_2
138	pro_2_3
138	pro_3_2
138	pro_5_1
139	con_6_3
139	pro_2_5
013	con_2_1
013	con_7_1
013	con_8_1
013	pro_2_2
013	pro_3_5
013	pro_5_4
140	con_6_3
140	pro_1_5
140	pro_6_1
142	con_3_1
142	pro_1_4
143	pro_3_3
143	pro_4_2
146	con_1_2
146	con_2_2
146	con_2_3
146	con_4_1
146	pro_2_4
146	pro_3_4
146	pro_3_7
148	con_1_1
148	con_2_3
149	con_3_5
150	con_2_4
150	pro_2_1
150	pro_4_1
150	pro_4_2
151	con_10_4
151	con_1_5
151	con_1_6
151	con_4_1
151	pro_10_5
151	pro_3_1
152	con_1_1
152	con_1_2
152	pro_4_2
152	pro_7_3
152	pro_9_2
153	con_5_3
153	con_9_1
153	pro_8_2
154	con_1_4
154	pro_2_2
155	con_1_2
155	con_2_2
155	pro_1_6
155	pro_7_1
155	pro_7_3
156	con_1_1
156	pro_2_3
156	pro_4_1
156	pro_5_3
156	pro_6_2
157	pro_3_1
158	con_2_1
158	pro_3_2
158	pro_4_2
159	con_3_2
159	con_7_1
159	pro_5_4
015	pro_1_1
015	pro_1_6
015	pro_3_1
160	con_5_1
160	con_7_3
160	pro_7_4
161	con_2_1
161	con_6_2
161	con_9_2
161	pro_2_1
161	pro_7_3
161	pro_9_1
162	con_1_5
162	pro_2_1
162	pro_3_1
162	pro_6_2
163	pro_11_1
163	pro_1_4
164	pro_6_3
164	pro_6_4
164	pro_7_1
164	pro_8_1
165	con_6_1
165	pro_7_3
166	con_11_1
166	con_12_2
166	con_5_4
166	pro_1_4
166	pro_4_3
167	con_10_1
167	pro_12_1
167	pro_2_2
167	pro_3_1
167	pro_5_1
167	pro_7_6
169	con_14_2
169	con_9_4
169	pro_10_1
016	con_1_2
016	pro_1_3
170	con_3_1
170	con_3_2
170	con_4_1
170	con_4_3
170	pro_3_3
171	con_1_1
172	con_1_1
172	con_4_1
174	pro_7_1
174	pro_9_1
175	con_11_3
175	con_1_3
175	con_3_3
175	pro_11_1
175	pro_1_1
175	pro_1_3
175	pro_3_2
175	pro_9_1
176	pro_12_2
176	pro_8_1
177	con_1_1
177	con_7_2
177	pro_11_1
177	pro_1_3
177	pro_3_1
178	pro_1_2
178	pro_5_3
179	con_2_1
179	con_2_2
179	con_9_2
179	pro_4_1
179	pro_4_4
179	pro_6_1
179	pro_9_1
017	con_1_5
017	pro_1_1
017	pro_4_1
180	con_1_2
180	con_5_2
180	con_8_2
180	pro_2_1
181	con_3_6
181	con_3_7
181	con_5_4
181	con_6_2
181	pro_2_2
181	pro_3_2
181	pro_5_1
182	pro_1_3
182	pro_2_3
182	pro_4_3
183	pro_3_4
183	pro_9_1
184	con_2_1
184	con_2_6
184	con_6_1
184	con_6_4
184	pro_3_2
184	pro_6_2
185	con_5_2
185	pro_1_1
185	pro_2_1
185	pro_5_1
185	pro_5_2
185	pro_7_2
186	con_2_3
186	con_4_1
186	con_4_2
187	con_11_1
187	pro_11_1
187	pro_1_2
187	pro_6_3
188	con_13_1
188	pro_9_3
189	con_2_1
189	con_2_3
189	con_7_1
189	pro_4_3
018	con_1_2
018	con_3_3
018	pro_2_3
018	pro_3_1
190	con_7_2
190	con_7_3
190	pro_3_5
190	pro_3_6
191	con_2_2
191	con_3_2
191	pro_10_5
191	pro_9_8
193	con_10_1
193	con_11_2
193	con_6_1
193	pro_13_1
193	pro_15_2
193	pro_9_2
194	con_16_2
194	con_1_3
194	con_5_1
194	pro_2_4
195	con_2_2
195	con_6_2
195	con_6_6
195	con_7_1
195	pro_1_7
195	pro_4_2
195	pro_4_6
196	con_3_1
196	con_5_4
196	pro_3_1
196	pro_4_1
196	pro_5_1
197	con_12_7
197	con_17_2
197	con_17_7
197	con_8_9
197	pro_10_3
197	pro_12_5
197	pro_6_2
198	con_2_4
198	con_4_4
198	pro_3_5
198	pro_8_3
199	pro_2_10
199	pro_4_4
201	con_21_1
201	con_32_1
201	pro_10_2
201	pro_29_2
201	pro_30_2
202	con_12_1
202	pro_9_3
203	con_6_1
203	con_6_2
203	con_9_1
203	con_9_3
203	pro_4_6
204	con_2_4
204	pro_3_2
204	pro_5_1
205	con_10_1
205	con_7_6
205	con_9_3
205	pro_1_5
205	pro_7_4
205	pro_7_5
206	con_11_2
206	con_1_3
206	con_3_3
206	con_5_9
206	pro_11_1
206	pro_1_2
207	con_6_2
207	con_8_1
207	pro_8_1
020	con_1_1
020	con_1_6
020	con_2_1
020	con_3_3
020	pro_1_5
020	pro_4_1
020	pro_4_2
020	pro_4_3
210	con_1_1
212	con_1_2
212	con_1_3
212	con_2_3
212	pro_10_1
212	pro_2_4
213	con_4_2
213	con_4_4
213	pro_1_1
213	pro_3_3
213	pro_4_4
214	pro_9_1
215	con_1_5
215	con_3_5
216	pro_1_1
216	pro_8_2
217	con_10_2
217	pro_11_1
217	pro_14_1
217	pro_1_2
217	pro_2_4
218	pro_8_1
219	con_6_6
219	con_6_8
219	pro_6_1
219	pro_6_6
021	pro_1_4
220	pro_1_3
221	pro_3_3
223	pro_1_2
223	pro_3_3
224	con_1_5
224	con_5_2
224	pro_3_1
224	pro_5_1
225	con_3_4
225	con_3_5
225	pro_1_4
225	pro_2_3
225	pro_3_3
225	pro_3_6
226	con_1_1
226	con_2_1
226	con_3_1
226	pro_4_1
227	con_1_4
228	con_11_1
228	pro_6_1
228	pro_9_2
229	con_4_2
229	con_5_1
229	pro_7_1
229	pro_8_2
230	pro_3_1
231	con_3_1
231	con_3_8
232	con_4_4
232	pro_1_3
232	pro_2_3
232	pro_4_1
232	pro_6_1
233	con_2_2
233	con_2_3
233	pro_1_2
233	pro_2_1
233	pro_2_2
233	pro_4_1
235	con_3_4
235	con_4_1
235	con_6_1
235	pro_1_1
235	pro_1_2
236	con_2_1
023	con_1_4
023	con_2_3
023	pro_1_7
023	pro_2_2
023	pro_3_2
025	con_4_2
025	con_4_3
025	con_4_7
026	con_1_2
026	con_1_3
026	pro_8_1
027	pro_4_3
028	con_2_3
028	con_2_6
028	con_4_4
028	con_5_4
028	pro_2_1
028	pro_2_4
028	pro_4_1
029	con_3_1
029	con_3_2
029	con_5_1
029	pro_6_1
031	con_3_3
031	pro_4_2
033	con_2_1
035	con_2_2
035	con_2_9
035	pro_1_5
035	pro_2_3
035	pro_3_1
035	pro_3_3
036	con_1_1
036	con_1_6
036	con_2_1
036	pro_2_1
036	pro_2_2
036	pro_4_1
036	pro_4_5
038	con_4_1
038	con_6_2
038	con_8_1
038	pro_3_1
038	pro_4_1
039	con_1_1
039	pro_1_1
039	pro_1_2
039	pro_1_3
039	pro_1_4
040	con_5_1
040	pro_4_2
040	pro_5_1
041	con_1_2
041	pro_1_4
041	pro_1_6
041	pro_6_4
043	con_1_1
043	con_2_1
043	pro_4_3
044	con_1_1
044	pro_2_1
044	pro_3_4
044	pro_4_1
047	con_1_1
047	con_2_2
047	con_4_1
047	pro_1_1
047	pro_2_2
047	pro_2_3
048	con_1_1
048	con_1_3
048	con_2_1
048	pro_2_1
048	pro_2_2
048	pro_3_4
048	pro_4_1
050	con_2_1
050	con_3_2
050	pro_2_2
051	con_1_10
051	con_1_6
051	pro_2_1
051	pro_3_5
052	con_3_1
052	pro_2_4
052	pro_2_5
052	pro_3_2
052	pro_4_2
054	con_1_2
054	pro_1_1
054	pro_1_2
054	pro_3_3
054	pro_6_1
056	con_2_3
056	pro_2_1
056	pro_3_4
056	pro_8_1
058	con_5_3
058	pro_5_1
005	con_8_3
005	pro_6_3
005	pro_8_2
060	con_2_2
060	con_4_2
060	con_7_1
060	pro_1_6
060	pro_2_1
061	con_3_2
061	pro_1_5
061	pro_1_7
062	con_2_2
062	con_2_4
062	con_5_1
062	pro_1_1
063	con_4_1
063	con_5_1
064	con_3_5
064	con_6_1
064	con_6_2
065	con_11_9
065	pro_6_1
067	con_2_1
067	con_3_2
067	con_4_1
067	pro_2_1
069	con_2_1
069	con_2_3
069	pro_2_3
069	pro_4_2
006	con_1_4
006	con_2_5
006	con_3_2
006	pro_1_3
006	pro_1_5
006	pro_3_2
070	con_4_1
070	pro_1_1
070	pro_2_3
072	con_10_1
072	con_4_2
072	con_4_5
072	pro_3_1
072	pro_4_1
073	con_4_2
073	con_5_2
073	con_6_1
073	pro_2_2
077	con_2_1
077	pro_2_2
078	con_1_2
078	con_2_2
078	con_6_2
078	pro_5_2
078	pro_6_2
079	con_4_3
079	pro_1_1
079	pro_3_1
079	pro_4_1
007	con_2_4
007	pro_1_2
007	pro_3_2
007	pro_4_1
080	con_6_2
080	pro_2_1
080	pro_3_1
080	pro_4_1
081	con_3_3
081	con_5_1
081	pro_6_1
082	pro_1_1
082	pro_1_2
082	pro_6_1
083	con_17_1
083	con_2_1
083	pro_12_2
083	pro_2_3
083	pro_3_2
083	pro_6_1
085	con_1_2
085	con_2_3
085	con_6_1
085	pro_1_6
086	con_1_1
086	pro_1_3
086	pro_4_2
087	pro_5_4
088	pro_9_1
089	con_1_1
089	con_1_2
089	pro_1_6
089	pro_4_1
090	con_1_2
090	con_4_1
090	con_6_2
090	pro_3_3
092	con_5_2
092	pro_1_4
093	pro_1_5
093	pro_7_1
094	con_4_1
094	pro_3_3
094	pro_4_4
095	con_1_1
095	con_5_1
095	pro_5_1
097	con_1_5
097	pro_1_1
097	pro_1_5
097	pro_2_2
098	con_16_1
098	pro_2_1
098	pro_7_1
099	pro_5_1
099	pro_6_6
099	pro_7_6
009	pro_4_2
009	pro_6_1
